,gpt-4o,Tiny Llama Unsloth,aya-23-8B,Llama & Assistant,Llama 3 Unsloth,Meta-Llama-3-8B-Instruct,Llama 2 Unsloth,mistral unsloth,mistral-7B-instruct-v0.3,Llama 3 ORPO
0,0.25,0.0,0.6614583333333333,0.6506147540983607,0.8440677966101694,0.0,0.6506147540983607,0.8440677966101694,0.4331450094161957,0.0
1,0.680744874959751,0.0,0.5043859649122807,0.8655845194306733,0.9286399123407754,0.5415032679738562,0.8655845194306733,0.8655845194306733,0.7083426401608219,0.5415032679738562
2,0.6200000000000001,0.25,0.1694915254237288,0.635593220338983,0.625,0.625,0.8066666666666668,0.635593220338983,0.2542372881355931,0.625
3,0.6341453639198997,0.0605326876513317,0.5414922045206972,0.6048387096774194,0.5909925925925927,0.5478325672795097,0.6872887372292841,0.551980198019802,0.5092592592592592,0.5236943548686016
4,0.4791666666666667,0.0,0.1612903225806451,0.4777070063694267,0.4852320675105485,0.0316455696202531,0.4777070063694267,0.7774180343120837,0.3346108490566037,0.0314465408805031
5,0.5346350534635054,0.2891897499740636,0.3426697209496043,0.8654886574270094,0.7309111389524259,0.2579365079365079,0.8066666666666668,0.8481938728852308,0.5258344764517604,0.6352983129211549
6,0.8412698412698414,0.0227272727272727,0.3715164328272151,0.4938271604938272,0.7710137249383288,0.09009009009009,0.7917284560883177,0.7629659164746884,0.276753847054005,0.6135032488331655
7,0.6297084949682354,0.1073479729729729,0.4928991318952709,0.7325428518677342,0.9082518773335572,0.56198471064115,0.7836918715456452,0.920003558102408,0.7111884239141675,0.5936889702299419
8,0.6735524881971118,0.1068158697863682,0.0796178343949044,0.611690095827794,0.7552473271235857,0.6272411334189835,0.131409811721432,0.6550041961676423,0.6002698961082635,0.561557939682122
9,0.7991622574955908,0.1401869158878504,0.611317254174397,0.8251217578434704,0.8251217578434704,0.09009009009009,0.8251217578434704,0.8251217578434704,0.6004008746355685,0.09009009009009
10,0.8156086387434555,0.0531914893617021,0.6505761445032701,0.7415509259259259,0.8305867513020834,0.7523316062176165,0.7415509259259259,0.8784086630690071,0.6800518134715026,0.6800518134715026
11,0.8160762444018695,0.0928951827644638,0.6503199926508865,0.8858816964285714,0.954167199956118,0.5857778585051312,0.9308099631834916,0.9532932386253452,0.7245301958176757,0.4803375604624303
12,0.8861997310842195,0.0,0.7937500000000002,0.8950617283950617,0.9084673899488716,0.8017676767676769,0.8950617283950617,0.9995,0.8833333333333334,0.904102755954608
13,0.5981878698224852,0.0257731958762886,0.4603262964073138,0.8482881506936489,0.9226476044265336,0.0757575757575757,0.8482881506936489,0.8833545802221817,0.5123173529766937,0.6871727748691099
14,0.8300000000000002,0.0655737704918032,0.5517158870247835,0.5826999638074556,0.6068547637634288,0.2427184466019417,0.6837725638459544,0.5809343434343435,0.6169690098261527,0.3978115310295241
15,0.6133120078740157,0.1181102362204724,0.353968253968254,0.6201171875000001,0.9299633936261844,0.5991586538461539,0.6201171875000001,0.6847545219638242,0.353968253968254,0.3872
16,0.5609630470958029,0.0384615384615384,0.4243688081360928,0.5267060384525326,0.4092548076923077,0.2591610790581631,0.5267060384525326,0.5684656770908392,0.3876543209876543,0.1509433962264151
17,0.8176206509539844,0.0,0.3472222222222222,0.7332282110091743,0.9996243425995492,0.0,0.8251217578434704,0.9996243425995492,0.6696428571428572,0.0
18,0.5888301363716807,0.1263758462181655,0.4585123341709222,0.1434895021353073,0.7513696645321318,0.5016318806395875,0.1309266458669452,0.6841256188335639,0.4775339449213969,0.5615528492426742
19,0.6255699855699857,0.1043024771838331,0.4528102664067576,0.2523917055167055,0.6529481598733676,0.5492591902343569,0.1967592592592592,0.7627542541020779,0.5084826480143086,0.5631683651850417
20,0.7114285714285714,0.0,0.5751811594202899,0.7014492753623188,0.551470588235294,0.4330065359477124,0.3758169934640523,0.551470588235294,0.2798507462686567,0.0
21,0.6839401150045221,0.1324503311258278,0.4515263527388516,0.6650994067223591,0.7859455632119113,0.5421698552329183,0.6654241696190898,0.8360759693084013,0.572310369234399,0.5872797888268098
22,0.6132413552121853,0.1015625,0.426040619090812,0.8849534266955592,0.8466577394407129,0.45515582977377,0.8842368533647635,0.9006520019791873,0.5673638322884013,0.6400966183574879
23,0.6533707358005918,0.1546790409899458,0.4894842284337046,0.4456514783886198,0.6061380657154163,0.438810854445385,0.0946354865177303,0.7041055155875299,0.516708138913483,0.5152466473295652
24,0.6177156177156177,0.4059921841076856,0.3624901497241922,0.7217391304347825,0.7947059528087197,0.0357142857142857,0.7217391304347825,0.8026180852989082,0.3255474452554745,0.0
25,0.721243042671614,0.0,0.4376470588235294,0.1204819277108433,0.7429516185172295,0.229407514450867,0.8865220249835634,0.8874424720578565,0.3475896531452087,0.407261304697202
26,0.7300275482093663,0.8470338983050848,0.5698720166032515,0.8470338983050848,0.754985754985755,0.0,0.8470338983050848,0.8470338983050848,0.3844827586206897,0.0
27,0.89343817449905,0.0880281690140845,0.6606741226408456,0.8046789046977141,0.9586298932384342,0.6627499565292992,0.7918595679012346,0.9782800505867474,0.630720072162013,0.5422316696113074
28,0.8722527472527472,0.0,0.7687074829931974,0.7602601480152501,0.9993141289437586,0.625,0.7602601480152501,0.9993141289437586,0.7602601480152501,0.0543478260869565
29,0.6929363576495873,0.0998307952622673,0.5404856249610503,0.5266088604946332,0.6681873152786697,0.5803206306544666,0.6230601682268349,0.7037529605809187,0.5667887216934343,0.4984171196853498
30,0.6146846361185984,0.0410958904109589,0.5694679054054055,0.5639741362179569,0.5776017120870616,0.5027105114228696,0.5368568808561431,0.6419557005494505,0.56640625,0.5326062507219153
31,0.8145050860719875,0.0520833333333333,0.5856508940731956,0.6874694042099807,0.551558752997602,0.6592502045524,0.5116244558765334,0.7498331850533806,0.6060820510746708,0.4166858900422914
32,0.9861386138613862,0.3757575757575758,0.7132337471070903,0.9084673899488716,0.9084673899488716,0.7132337471070903,0.9084673899488716,0.9084673899488716,0.7132337471070903,0.7132337471070903
33,0.7461051419209603,0.0918196994991652,0.6268803418803419,0.7316977173666932,0.9276245253517982,0.598356571860391,0.7484942492349899,0.9352982515320176,0.5687430339367385,0.5658657504598242
34,0.5829674874339887,0.142254344919786,0.4815337409572442,0.460974513262095,0.7992519053913436,0.3736101499423298,0.5725628396739131,0.7419801486798905,0.6736859938695924,0.3130744485294117
35,0.7239893264607736,0.1118210862619808,0.314486450317832,0.3306463326071169,0.4259259259259259,0.2017460317460317,0.3306463326071169,0.2909222948438635,0.3826465482026143,0.4004377776347131
36,0.6897020443671161,0.0,0.3766111707841031,0.8132201806290875,0.6681190994916486,0.0632911392405063,0.8790182739762572,0.7559458968772695,0.3240485383342526,0.2354430379746835
37,0.8199459164059851,0.0632911392405063,0.6118189102564102,0.5446511014378049,0.669870356190426,0.0462962962962963,0.5574353939478945,0.7262675159235668,0.6267179969522643,0.4583701847484276
38,0.7017173423423423,0.043859649122807,0.2252252252252252,0.616925669350309,0.6289424860853432,0.0869565217391304,0.616925669350309,0.4481481481481482,0.4018018018018018,0.0862068965517241
39,0.8145050860719875,0.0533807829181494,0.4820284397482014,0.7039999999999998,0.8706197183098592,0.598404255319149,0.572318339100346,0.8563259159697332,0.6602112676056339,0.6995145476030789
40,0.4820284397482014,0.0602409638554216,0.4226245135336044,0.4928991318952709,0.4399026257897111,0.3572995714088703,0.3701547033851401,0.4356874530428249,0.356974138861894,0.3357830278305012
41,0.6523962287939707,0.0395256916996047,0.6196359970574613,0.6982872200263505,0.7409972299168975,0.0787401574803149,0.6982872200263505,0.7439731224065237,0.703851261620186,0.2994791666666667
42,0.7087053571428572,0.4732510288065843,0.4604604604604604,0.7279497663551402,0.8327617741197989,0.0442477876106194,0.7279497663551402,0.8251217578434704,0.5067567567567568,0.0
43,0.6410596026490065,0.0331125827814569,0.4208333333333333,0.7064724037763254,0.9224489795918368,0.0967741935483871,0.7506671307576284,0.91031149301826,0.5413417803768681,0.0967741935483871
44,0.7017173423423423,0.0462962962962962,0.4604604604604604,0.8327617741197989,0.8251217578434704,0.0,0.7282110091743119,0.8251217578434704,0.3321428571428571,0.0
45,0.6850373641304348,0.0851063829787234,0.3889326256444116,0.5281864364189327,0.5851698962882096,0.1980674342105263,0.6683534954285943,0.6735795578770785,0.6503438024531311,0.524885425199814
46,0.81702034150343,0.0674373795761079,0.6819664031620554,0.8057029028542633,0.962160494685826,0.5153229376016843,0.8057029028542633,0.9823143418467584,0.7462098145299536,0.7184282365334016
47,0.3314211820371183,0.125,0.2559726962457338,0.3765804426267954,0.6173010380622838,0.2663230240549828,0.3675518134715025,0.6886035754567571,0.3244207974137931,0.3331891972429519
48,0.9993141289437586,0.0588235294117647,0.6802398989898991,0.8979985955056179,0.7853703279064436,0.7853703279064436,0.8979985955056179,0.7853703279064436,0.7853703279064436,0.7853703279064436
49,0.6865985740565894,0.1227897838899803,0.5326705967556489,0.079375646925615,0.6447548028708766,0.4846033542067084,0.0353140895299267,0.6757994324429387,0.4985545024175709,0.5135628773379828
50,0.5705206201721881,0.1263001485884101,0.3284143518518518,0.400992685475444,0.476456310939935,0.5210534006563288,0.4511963705367854,0.6377008506616256,0.5164025119617225,0.3701507918981206
51,0.6326241134751773,0.0354609929078014,0.4981161347517729,0.6347955520532352,0.8565647482014387,0.4445422535211268,0.6347955520532352,0.8565647482014387,0.3758169934640523,0.0347222222222222
52,0.8069104338568006,0.0714285714285714,0.4267942583732056,0.8166422677668352,0.8561105175688509,0.2113744075829383,0.8633814102564104,0.7993412297045515,0.737022986778846,0.210377358490566
53,0.5523955147808359,0.1395348837209302,0.1754716981132075,0.7227458428899083,0.7145928899082569,0.0691244239631336,0.7227458428899083,0.7227458428899083,0.3135967394996037,0.0691244239631336
54,0.6641824762904392,0.1160990712074303,0.4848390600315955,0.7760603784266337,0.9160933511146588,0.5454495826863355,0.7948550439459531,0.9999980003759292,0.6130248638706297,0.7124368364123619
55,0.607670285745152,0.1000912884715701,0.6206029489204845,0.5666928104575163,0.6440137590288513,0.1379310344827586,0.5948583543232808,0.6933074566859223,0.503781084880508,0.2178899082568807
56,0.8972972972972975,0.0,0.3472222222222222,0.8251217578434704,0.9996243425995492,0.0,0.9004504504504506,0.9996243425995492,0.6004008746355685,0.2977594339622642
57,0.6568655169164076,0.0,0.474624060150376,0.8436109345200256,0.9997724169321802,0.426731078904992,0.146484375,0.8436109345200256,0.5725190839694658,0.6619183285849952
58,0.6590249380989927,0.1079545454545454,0.4938588707794331,0.718130284580001,0.9084512061403508,0.4825680272108842,0.7331878878325511,0.8720989279022975,0.5334043772806428,0.5948201586872933
59,0.4865925246189905,0.1179487179487179,0.366514108431727,0.7745533872719638,0.7898295949200134,0.3829364898028817,0.7610458609079298,0.5390393863533766,0.4626839049579619,0.4455083143320971
60,0.9054545454545456,0.1376146788990825,0.4523364485981308,0.8211575489862951,0.8211575489862951,0.09009009009009,0.8211575489862951,0.8211575489862951,0.782267115600449,0.09009009009009
61,0.7498183379574581,0.0696378830083565,0.6211699164345404,0.6205865714731585,0.8224705152079456,0.5113002843863145,0.3490499194847021,0.8089136490250698,0.7519069684253062,0.5435364160007286
62,0.56747552149851,0.0,0.2920471841704718,0.8630595523581134,0.8630595523581134,0.3975340136054421,0.8630595523581134,0.8630595523581134,0.3975340136054421,0.0680272108843537
63,0.692615302585977,0.3791052844979051,0.566114359974009,0.8781784743323204,0.939426106012875,0.6127450980392157,0.8781784743323204,0.8781784743323204,0.7407095069432732,0.566114359974009
64,0.6498677914882901,0.1678696412948381,0.3619561031959954,0.7267487147530769,0.4703993055555555,0.4088241631494226,0.6252830188679246,0.8548262100833641,0.4818702290076337,0.444699857965164
65,0.5289115646258503,0.1239669421487603,0.4067226890756303,0.5717658964412212,0.65599173553719,0.0413223140495867,0.5717658964412212,0.8220833333333335,0.5245403946702648,0.560374149659864
66,0.5178360101437025,0.0828729281767955,0.3299156029852829,0.4483430799220272,0.9293241279069766,0.4478378378378378,0.722862382781411,0.9934866680236109,0.5908798972382787,0.4847826086956521
67,0.8112399007056893,0.0528169014084507,0.355009746588694,0.6748341287393784,0.7805325987144168,0.4230071819668634,0.6479240282685513,0.7615376640303326,0.559896972347767,0.5126164175871778
68,0.6203842379796518,0.0187265917602996,0.6099098287904708,0.6167885110700627,0.8130434114719346,0.055350553505535,0.6567924440731459,0.8506264889213709,0.5769675925925926,0.345940959409594
69,0.8888514083319278,0.0609756097560975,0.7060806289729006,0.4940562562786025,0.8549464133949956,0.4545960215519315,0.3947291128193078,0.6723718490657187,0.7392049267461264,0.5439024390243904
70,0.7911648197362482,0.1520334928229665,0.8086934773909562,0.7889150411672933,0.6693312532412878,0.7662544320560467,0.8493321631332107,0.9077349243554228,0.7938023079414321,0.6391580950115938
71,0.4726890756302521,0.1239669421487603,0.4726890756302521,0.7361111111111112,0.742296918767507,0.040650406504065,0.7361111111111112,0.7361111111111112,0.4726890756302521,0.040650406504065
72,0.6507797481974269,0.1287553648068669,0.1594516448632145,0.734643041399222,0.6602490767501605,0.4227272727272727,0.7055938651928562,0.733116962239628,0.5515191152862835,0.6238788998901973
73,0.747261846421993,0.1104972375690607,0.5809957924263673,0.8600181831697039,0.8684310448227283,0.580908241064491,0.8600181831697039,0.9294018770135872,0.6380911466508845,0.6984081976094147
74,0.7991622574955908,0.0,0.4018018018018018,0.8327617741197989,0.9996243425995492,0.0442477876106194,0.8327617741197989,0.8251217578434704,0.7080965909090909,0.0
75,0.6090778220001694,0.0835073068893528,0.4593295218295218,0.5861393491466333,0.5902048319327732,0.4850209583299087,0.4300394054964965,0.6630348297014964,0.574195927165466,0.5632714895290029
76,0.5087400468384076,0.0788288288288288,0.4777802545189268,0.1506563245823389,0.4288862781124675,0.1490825688073394,0.1506563245823389,0.4319137106638496,0.381455270958757,0.3292392471862887
77,0.7954377736597844,0.1201923076923077,0.6073625622497802,0.6320938974056604,0.7300037202380952,0.5707214323328068,0.5002165960723912,0.7453648325358851,0.6538784067085953,0.4609813084112149
78,0.7855973268723875,0.0889679715302491,0.5922951044932732,0.4759596359319352,0.8582238152130626,0.4985900577522195,0.7488193624557261,0.8581560283687943,0.6747982009352753,0.6672597864768685
79,0.4635437551316568,0.0765306122448979,0.3502654478057362,0.5688775510204082,0.6652824625688564,0.2818181818181818,0.4755526607050158,0.7751276776375846,0.4151271337638271,0.2644536617639574
80,0.6332458799101348,0.078125,0.5713875267461525,0.490635697997377,0.5332198803962942,0.53513264608224,0.5105783367738955,0.5960779516546808,0.5254443462756248,0.5236829220311328
81,0.8031386030866641,0.0230414746543778,0.5769944341372912,0.995101155528963,0.9555907598960436,0.6936686934389139,0.995101155528963,0.9999530428249436,0.64961195745904,0.7291487262991435
82,0.7393887207563997,0.0916230366492146,0.6757257930346052,0.773640979689367,0.8047687297878725,0.436021164021164,0.7778228228228229,0.7861294798205274,0.6552366873413246,0.7592905405405403
83,0.840561224489796,0.0657894736842105,0.4046474358974359,0.9799382716049384,0.9990234375,0.0,0.9799382716049384,0.8301839254220206,0.754985754985755,0.0
84,0.7430375465103168,0.3802605552145147,0.6072487515605492,0.6534447583176396,0.8224705152079456,0.0277777777777777,0.6534447583176396,0.8704894682320441,0.7395201323772753,0.1753472222222222
85,0.8972972972972975,0.0,0.6004008746355685,0.9004504504504506,0.9996243425995492,0.0442477876106194,0.9004504504504506,0.9996243425995492,0.5402650356778795,0.0
86,0.8200597312095569,0.0,0.4807692307692308,0.9799382716049384,0.9799382716049384,0.6859756097560975,0.9799382716049384,0.9799382716049384,0.4807692307692308,0.783572688334593
87,0.9054545454545456,0.0,0.4091743119266054,0.810254699143588,0.9996243425995492,0.0442477876106194,0.9004504504504506,0.9996243425995492,0.5402650356778795,0.0
88,0.5493599332957305,0.1063829787234042,0.1608679386457164,0.5151959477472674,0.4533256736338454,0.4700998028335061,0.4396776631799674,0.3959642857142857,0.5451581769436997,0.4329324284978386
89,0.5241015962884328,0.0657894736842105,0.369321922317314,0.5662393162393162,0.7048633184996821,0.3388734076433121,0.5662393162393162,0.6384615384615385,0.5241015962884328,0.3318903318903318
90,0.7170781893004116,0.0826446280991735,0.546706487473038,0.6453252032520325,0.5202408832385413,0.08,0.6453252032520325,0.5033238366571701,0.5289115646258503,0.08
91,0.9054545454545456,0.0,0.3472222222222222,0.9004504504504506,0.9996243425995492,0.0446428571428571,0.9004504504504506,0.9996243425995492,0.611317254174397,0.0
92,0.7122380564367803,0.0830258302583025,0.5780853658031402,0.6866528514939418,0.891504329004329,0.5708357085851101,0.6097530375434234,0.899274798071692,0.6276515151515152,0.6744801512287335
93,0.6612629147439912,0.117408906882591,0.6684434162131705,0.5016339869281046,0.7115800849974956,0.573834785353946,0.4975356552009815,0.7902086487006674,0.6050854600240186,0.4615463265913146
94,0.4743490590358338,0.0898876404494382,0.4029426881430052,0.4328307855849319,0.7436583871423859,0.1764557933891955,0.570300149380845,0.5755685110379428,0.3805763417629995,0.4029159873315717
95,0.6588377927700522,0.1455188904415147,0.6101232735518448,0.6007861007900015,0.7721815040634881,0.6328034001674804,0.595987434869278,0.7144939397053283,0.6631970260223048,0.663404706144753
96,0.6199283461432465,0.087527352297593,0.2299825579810863,0.557286995515695,0.8401448457733635,0.4734741573033707,0.120642006802721,0.9045012889153284,0.4589205076300218,0.4694023924793155
97,0.7687074829931974,0.0561797752808988,0.1704545454545454,0.7853703279064436,0.8819444444444444,0.0543478260869565,0.7853703279064436,0.7853703279064436,0.1724137931034482,0.0543478260869565
98,0.6384477459016394,0.0,0.5979022510291669,0.7388837662005022,0.8087293388429752,0.0411522633744856,0.7388837662005022,0.7621191135734071,0.6291547958214626,0.1229508196721311
99,0.6658490659531242,0.0930232558139534,0.4276304963138493,0.6930787589498807,0.7229483652715394,0.5246025982409426,0.6485452322049468,0.7512531897498576,0.2855504240997314,0.4877222222222223
100,0.4962015766058745,0.0366300366300366,0.0757575757575757,0.3775290215588723,0.5293321703345859,0.0892857142857142,0.3432625067240452,0.6063113176547905,0.3075241085445166,0.4363123993558776
101,0.6362456747404844,0.0826446280991735,0.6309874460236209,0.6310013717421126,0.4818512088477366,0.3049180327868852,0.6948388367969031,0.8587962962962963,0.8175396358817876,0.4393913730803974
102,0.414833100783514,0.0226244343891402,0.2241715399610136,0.7876461988304095,0.5258612324114508,0.0649350649350649,0.7876461988304095,0.6903024958580515,0.3555793991416309,0.1716738197424892
103,0.748730931002202,0.1099706744868035,0.2861538461538461,0.6686615695397684,0.6726457399103138,0.6882637638281451,0.6709296549490565,0.5463194256908813,0.663829386622109,0.6205777413159005
104,0.5570092489442731,0.0773993808049535,0.3142167011732229,0.6148558266629471,0.7153250284746531,0.1661631419939577,0.6071940718135644,0.7500714222925458,0.3304541925465838,0.371807648131883
105,0.5223936865386548,0.073170731707317,0.2328115712304339,0.4889104402091415,0.8833333333333334,0.35260663507109,0.4889104402091415,0.7288085937500002,0.3530369484316853,0.4210567545337041
106,0.5756890618123135,0.1304347826086956,0.5032197553593837,0.5400902168147489,0.6367615774832269,0.1349813934720229,0.5002983054008386,0.5986660159427364,0.3752781269194316,0.1289398280802292
107,0.75039941902687,0.0699300699300699,0.6690349466514646,0.8556781920935548,0.9251499737329698,0.5038180690882573,0.7486810551558755,0.8319370958259847,0.6693121693121693,0.7150923226433432
108,0.5892238121577286,0.1354120662460567,0.4381311772140291,0.5649868558898363,0.6717082429542606,0.4598052418197423,0.6103476233880963,0.703368560687959,0.413164564560894,0.533374697084968
109,0.472244008714597,0.0590551181102362,0.0617283950617283,0.4172335600907028,0.4597983771821982,0.0957854406130268,0.48720354067446,0.7305278884462151,0.4081878096887477,0.362787356321839
110,0.6618785961187371,0.1520320772345063,0.5009393325541478,0.575348504386222,0.6235994334988618,0.5785945945945945,0.6304287561826063,0.6245353542338485,0.4740011397908252,0.549367088607595
111,0.8176206509539844,0.0,0.09009009009009,0.9004504504504506,0.9996243425995492,0.0446428571428571,0.9004504504504506,0.9996243425995492,0.611317254174397,0.3571428571428571
112,0.6087283214554252,0.0961538461538461,0.4123260863195818,0.7711945603461599,0.9424455137447136,0.5195051291047238,0.848964249469703,0.9577892919431852,0.6074731034482759,0.5935840592301967
113,0.5709702776774522,0.100502512562814,0.4679365760908458,0.3549234416042027,0.4394149484536083,0.5808080808080808,0.3475063834705133,0.5239419390401625,0.548102714651429,0.5760492876395842
114,0.703588662710078,0.0,0.5814147480814148,0.7410096046459682,0.999851851851852,0.0641025641025641,0.7410096046459682,0.939426106012875,0.7253741344650435,0.1612903225806451
115,0.526948669201521,0.0943396226415094,0.078125,0.594315245478036,0.93193893129771,0.1286764705882353,0.6180615369891855,0.9959418712734364,0.4818702290076337,0.4102941176470588
116,0.5808017215723084,0.1206434316353887,0.4046971717793509,0.2781556819485649,0.514140841521794,0.3147576444892473,0.3792130054756317,0.4562710837711098,0.4590027700831024,0.4064022990208423
117,0.560374149659864,0.12,0.368595041322314,0.3836734693877551,0.0,0.0,0.3613465160075328,0.4726890756302521,0.3779661016949152,0.0390625
118,0.8599235852953324,0.0561797752808988,0.674511316872428,0.7389513108614232,0.8719099813432835,0.6601066010660107,0.7432835820895521,0.8864468864468864,0.6816449814126394,0.7357856722936088
119,0.7361111111111112,0.0632911392405063,0.3362573099415205,0.864795918367347,0.864795918367347,0.0,0.864795918367347,0.864795918367347,0.7270233196159123,0.8437033349925335
120,0.7644074143418835,0.045662100456621,0.4210168051195782,0.4259009907938191,0.6135058615472069,0.5061224489795918,0.36640382136629,0.6128767751340167,0.5941971616232701,0.5530891171958533
121,0.5944469905285671,0.0951949229374433,0.5382339015151515,0.6164766970319613,0.719480061498811,0.4133369256027922,0.6800784850230415,0.7678870628911372,0.5867190422745978,0.486442895799793
122,0.3595690363895981,0.0761421319796954,0.2714445153061224,0.7321023647554259,0.7493567251461988,0.1485148514851485,0.7748538011695907,0.8922782735385176,0.3010054728267787,0.3109605911330049
123,0.6043147136264544,0.0247524752475247,0.4906523308994624,0.7323529411764707,0.8189993815087843,0.524710086299892,0.7323529411764707,0.7323529411764707,0.4674460794194718,0.6014370245139476
124,0.6252100840336133,0.0922818791946308,0.4644271593066749,0.6064486020957955,0.8364081632653061,0.5510814771619952,0.6218014916810097,0.7184826641594411,0.6002603510540019,0.5392165340712556
125,0.5817391304347826,0.0865800865800865,0.4099025974025974,0.5190613026819924,0.4404131630852277,0.0627615062761506,0.5190613026819924,0.4956268221574343,0.5395299145299145,0.4365834834062258
126,0.6050041549489924,0.1175285426460711,0.3887228341461276,0.4827782684689629,0.5868778254876713,0.4602721693740144,0.3040608544250043,0.7523879012737786,0.5144338845898392,0.576318490509408
127,0.6245461147421931,0.1281300111015172,0.6336152712035384,0.7571114619122792,0.6672332745739948,0.6634078212290503,0.6782293923155853,0.8565133731341158,0.6188374681933843,0.5189114391143912
128,0.485126253891387,0.0446428571428571,0.4406130268199233,0.5747427175998604,0.317948717948718,0.0,0.5747427175998604,0.6784188034188035,0.317948717948718,0.0
129,0.3234782608695652,0.1704545454545454,0.3912280701754387,0.5120772946859904,0.5120772946859904,0.0,0.5120772946859904,0.6015971606033719,0.5120772946859904,0.4330434782608695
130,0.7274513947590872,0.1026392961876832,0.6488780418711831,0.4555996472663139,0.6488817570955772,0.4418443599819622,0.46465934858792,0.4648975992513407,0.5419075144508669,0.472079772079772
131,0.8196800000000002,0.033003300330033,0.6130274752339774,0.8331275167785235,0.8668788476480785,0.4166666666666666,0.7708192684960883,0.9011699066568752,0.7062853414528055,0.4666735880398671
132,0.4509795695767084,0.1586055276381909,0.2646921641791045,0.6346822871755227,0.6724489795918367,0.050251256281407,0.6346822871755227,0.732448866777225,0.324234693877551,0.050251256281407
133,0.4110599078341013,0.045045045045045,0.2895642201834862,0.6247087876246389,0.5793659410455458,0.2271604938271605,0.6218692022263451,0.4020999192338756,0.437563681648364,0.4862419401915781
134,0.6847545219638244,0.0238095238095238,0.437563681648364,0.528169014084507,0.5027454780361755,0.0669642857142857,0.528169014084507,0.5503634475597092,0.4981118791602661,0.63010101010101
135,0.6763147248518644,0.1135371179039301,0.418401229061354,0.5436885937386322,0.6553588987217305,0.4757017955492503,0.5290791804676855,0.5978388225912039,0.5096505928114693,0.4799340576861218
136,0.5564758012118282,0.066079295154185,0.4052170574660841,0.4881617977528089,0.5026471967158752,0.1626898047722342,0.4618047298189985,0.6733990273927001,0.560428849902534,0.6697322892005098
137,0.5625,0.0,0.1020408163265306,0.8861997310842195,0.8993827160493828,0.600907029478458,0.8861997310842195,0.8993827160493828,0.1941747572815534,0.6592637054821929
138,0.2427184466019417,0.1020408163265306,0.7666666666666667,0.5115685096153847,0.470188075230092,0.4263888888888889,0.612864077669903,0.555775708341589,0.3576923076923077,0.4611459968602825
139,0.7093444018731375,0.021551724137931,0.5543177969877908,0.7466102142028068,0.6521739130434783,0.4328198326872066,0.7688164405615929,0.788399083006973,0.582625679347826,0.5792207792207793
140,0.6027355021125308,0.1562949328176905,0.4278843794209478,0.5672846678422763,0.8106151150709304,0.5178348982680793,0.6954027467944963,0.9343966345231296,0.4589721402256693,0.4754804482074791
141,0.6996453900709221,0.0,0.4508928571428571,0.8026180852989082,0.9350389510876506,0.1799687010954616,0.8026180852989082,0.8693136070853461,0.6102793100429035,0.6816901408450705
142,0.5993553379530234,0.0963222416812609,0.5111546552987996,0.3916105141747101,0.8248472893477838,0.5291433189655173,0.5740857712765957,0.8763108295708524,0.4883761138751823,0.4050280581601735
143,0.6649630274032188,0.3816326530612244,0.4259690453362553,0.7884933774834437,0.7884933774834437,0.0974025974025974,0.7884933774834437,0.7450331125827815,0.6291946308724832,0.3134587168200614
144,0.6405325443786982,0.0728155339805825,0.2397959183673469,0.6706432573029212,0.795242537313433,0.2059849704777241,0.6772832895534451,0.7152709359605911,0.4398167089436216,0.46875
145,0.5818965517241379,0.0684931506849315,0.7483456874272245,0.3476899579992364,0.7863179571128824,0.1186440677966101,0.4074369961507734,0.5003276678504989,0.6140035736908284,0.2357094537459834
146,0.8308289506636615,0.0,0.4403453689167974,0.8590521694214875,0.8590521694214875,0.0763358778625954,0.8590521694214875,0.8523928502786854,0.6518892630003741,0.6568655169164076
147,0.6502639782220512,0.0965665236051502,0.3314279155188246,0.504360334442147,0.8348944481638219,0.4915631705572533,0.523850061088737,0.8204168193957166,0.4423533091781142,0.4915631705572533
148,0.7685031376891843,0.0,0.7400946448281549,0.6112083333333334,0.5732142857142857,0.4194352159468439,0.5369019412229289,0.8193557046979866,0.6598786588905166,0.4530172996350858
149,0.8083621362582888,0.1188589540412044,0.5904009663408158,0.6521353889774942,0.7081051905270656,0.5341258137909436,0.63130891965087,0.8334538538064749,0.6510969568294409,0.5486089030206677
150,0.8466372282608694,0.0549450549450549,0.66167290886392,0.7853703279064436,0.6400966183574879,0.7471655328798186,0.7853703279064436,0.8819444444444444,0.7471655328798186,0.7471655328798186
151,0.7446153846153847,0.0,0.6847545219638242,0.9299633936261844,0.9997724169321802,0.7446153846153847,0.9299633936261844,0.9997724169321802,0.6901041666666667,0.6901041666666667
152,0.5985629931740318,0.1386321626617375,0.555142943033627,0.7352390096478915,0.8444271784520415,0.5059294990723562,0.028735632183908,0.8927403745553463,0.5447832510421415,0.5509528753631082
153,0.4737654320987654,0.0,0.4680790960451977,0.7340976331360949,0.7299501888810885,0.1104972375690607,0.0852272727272727,0.5710416958490919,0.2247191011235954,0.2772207148755456
154,0.7560237457804679,0.0,0.484698313336811,0.7488193624557261,0.6964028776978417,0.0680272108843537,0.7488193624557261,0.7488193624557261,0.5319148936170213,0.1027397260273972
155,0.5193949854651163,0.0191570881226053,0.5115876720045063,0.555496878373938,0.6568655169164076,0.112781954887218,0.532714092123094,0.6338415343299993,0.4126300325577701,0.3333333333333333
156,0.5319148936170213,0.0,0.2961033950617284,0.7217391304347825,0.4981161347517729,0.0337837837837837,0.7217391304347825,0.7668240850059032,0.6947183098591551,0.0335570469798657
157,0.6434328905923916,0.1442307692307692,0.4499594155844155,0.1038690425411374,0.799877573369731,0.3686033843294999,0.1117252242376086,0.8231050272715822,0.5746813514532135,0.5606065182077037
158,0.710965392067224,0.1226993865030674,0.4298844221537826,0.7311650793650794,0.8799195353817202,0.4626924195853729,0.7709695735371982,0.8451125417356354,0.47020782398905,0.5708605769230769
159,0.8016643851987051,0.0383141762452107,0.70001185638682,0.7849598983562297,0.8387138429752066,0.6184908415469518,0.6827503274710645,0.925736003861004,0.6861538461538462,0.7554623916750163
160,0.7450347003154572,0.0313479623824451,0.541214816886147,0.7391100070708198,0.7525736599219027,0.1223241590214067,0.7211538461538463,0.7216828478964402,0.3877403530287767,0.6070769230769231
161,0.7773446457234581,0.0595238095238095,0.2247191011235954,0.5068181818181817,0.5742821473158551,0.0561797752808988,0.5742821473158551,0.5068181818181817,0.5068181818181817,0.0
162,0.8030496183838015,0.0,0.6664529914529915,0.7460271690375498,0.8069104338568006,0.3582554517133955,0.7354558095915662,0.8372827804107424,0.5434782608695652,0.4502325581395348
163,0.7937500000000002,0.1546391752577319,0.5739795918367346,0.9995,0.9995,0.1,0.9995,0.9084673899488716,0.8950617283950617,0.7913056930693071
164,0.6577202061907044,0.1664403074662701,0.4565296757749663,0.5381555153707053,0.6263773754918596,0.1793240366010278,0.506116211822735,0.5723036461767742,0.5829674874339887,0.641255665480774
165,0.785891089108911,0.0,0.5681818181818182,0.2974186307519641,0.8017676767676769,0.6657910689028086,0.2974186307519641,0.8950617283950617,0.6724489795918367,0.0476190476190476
166,0.6253328491890584,0.0757575757575757,0.4486200909961686,0.4435221354166667,0.6387172384402302,0.5658056580565806,0.4435221354166667,0.6036745406824148,0.5372954349698537,0.563464804198215
167,0.8132982719759579,0.0393700787401574,0.5361402671755726,0.6243896484375001,0.6038032945736435,0.0763358778625954,0.6243896484375001,0.6195494186046512,0.5336896663427275,0.0
168,0.4651317984651318,0.0276243093922651,0.388035220994475,0.6688904494382022,0.5390710382513662,0.0529100529100529,0.5468926553672316,0.6651536312849161,0.3680596817851719,0.026595744680851
169,0.7723408050419169,0.037037037037037,0.3425655976676385,0.6190603073097078,0.6235462515655753,0.6843065693430658,0.6190603073097078,0.4574275362318841,0.4574275362318841,0.3773271276595744
170,0.6144339219774423,0.060790273556231,0.4811356707317073,0.7835820895522388,0.7565653560745039,0.5082458491549401,0.7835820895522388,0.8471075117924106,0.4251150306748467,0.6634499082415749
171,0.8642857142857141,0.0,0.7033639143730888,0.5876795162509448,0.8211575489862951,0.0,0.5876795162509448,0.8287608596250572,0.2922453703703703,0.0
172,0.7690078585461689,0.0968992248062015,0.5888995598239296,0.7728693526613661,0.9626391753927024,0.3093166260587074,0.9192663869709812,0.9447665477362204,0.4926919210066893,0.4888276706458525
173,0.9990234375,0.0,0.605,0.7577355836849509,0.884784293464221,0.703125,0.7577355836849509,0.7577355836849509,0.3362573099415205,0.0
174,0.7740932642487046,0.0,0.5015544041450777,0.9517277418511986,0.9522993010647332,0.077720207253886,0.9517277418511986,0.9999271030762502,0.5600532527345997,0.077720207253886
175,0.6405844155844157,0.3791052844979051,0.566114359974009,0.8781784743323204,0.939426106012875,0.6127450980392157,0.8781784743323204,0.8781784743323204,0.7083426401608219,0.6127450980392157
176,0.6310096153846154,0.0966183574879227,0.2469135802469136,0.408128078817734,0.6673718267794922,0.1196172248803827,0.6059287620373592,0.5541871921182265,0.2207920792079207,0.1179245283018867
177,0.4685592185592184,0.081081081081081,0.3077682685977617,0.4437557392102846,0.4388793025156661,0.0789473684210526,0.3978609625668449,0.3633739997376362,0.3740606548577563,0.0273224043715847
178,0.6373121507234066,0.0168918918918918,0.3975340136054421,0.6721010243177733,0.610958904109589,0.5849180327868854,0.6721010243177733,0.8094692630775104,0.6537243150684932,0.6411049268192126
179,0.625,0.0,0.2136752136752137,0.742296918767507,0.742296918767507,0.46875,0.742296918767507,0.8220833333333335,0.31,0.7170781893004116
180,0.8722527472527472,0.0,0.7687074829931974,0.7602601480152501,0.9993141289437586,0.625,0.7602601480152501,0.9993141289437586,0.7602601480152501,0.0543478260869565
181,0.4415841584158416,0.0961538461538461,0.1,0.6724489795918367,0.4372549019607843,0.0961538461538461,0.6724489795918367,0.5569306930693068,0.5625,0.15
182,0.7562196601941749,0.6932463707132337,0.5948372615039282,0.8155293367346939,0.9084673899488716,0.0,0.8155293367346939,0.9995,0.4597938144329897,0.0
183,0.5363893902298013,0.0985663082437276,0.4617930204572804,0.6373355263157895,0.6522851919561243,0.5464299338943215,0.6396573315118397,0.5391304347826087,0.5271980480255959,0.5980399734982332
184,0.561875,0.067024128686327,0.5265189356098448,0.5310997025091604,0.5017189634706265,0.5907187685680332,0.4990142790314317,0.5003629662720572,0.470099802833506,0.5780228758169933
185,0.69394663480685,0.0,0.3716666666666667,0.8300000000000002,0.6784188034188035,0.0,0.6670168067226891,0.8399159663865547,0.4224058769513315,0.0
186,0.6670535768172922,0.0853889943074003,0.3680501930501929,0.3687620889748548,0.5641931606107499,0.4036321839080459,0.3408272085314887,0.6017938416587065,0.7064530646864344,0.6678173233872641
187,0.8598314668909347,0.0988700564971751,0.6971375260413579,0.7831763967357186,0.741805023414219,0.7300680644388959,0.6002735042735043,0.6752229352446036,0.7842008251876434,0.6417027543695382
188,0.8044613194114856,0.0,0.4927182671693649,0.6511462516733602,0.7736597810296567,0.0292397660818713,0.6088818082246342,0.6511462516733602,0.7448052841612769,0.7517962806424345
189,0.7206254780317839,0.0924214417744916,0.4622734058434634,0.8484261615304872,0.9442083333333332,0.5165973924682191,0.8894823052121957,0.9101521164021164,0.6688988095238095,0.5512576206356109
190,0.4209183673469388,0.0373134328358209,0.4209183673469388,0.8523928502786854,0.8523928502786854,0.4304127666104036,0.8523928502786854,0.8523928502786854,0.3872053872053872,0.0373134328358209
191,0.6981382978723403,0.1322751322751323,0.6871727748691099,0.5525525525525525,0.6981382978723403,0.7282491944146079,0.576765705652776,0.4271445618066911,0.5677065584435702,0.8113606770833334
192,0.7470119521912351,0.02,0.4276045095457539,0.559636454183267,0.7363955823293173,0.4063364569388666,0.5537699850923863,0.6419994761438674,0.583529411764706,0.0581395348837209
193,0.9402268760907504,0.0261780104712041,0.4395761741122565,0.0,0.9999271030762502,0.101010101010101,0.9467186484730344,0.9467186484730344,0.7125584608843537,0.7819883040935672
194,0.4891304347826087,0.0643776824034334,0.2456862573355522,0.0663716814159292,0.4202914310569813,0.1041666666666666,0.2510741138560687,0.521095960895292,0.382832618025751,0.0625
195,0.7417083784271284,0.064516129032258,0.6651303300907767,0.7363354482896305,0.7643236245954693,0.7139953935781059,0.7771231785063752,0.8174872177859481,0.8548387096774194,0.4356149398343491
196,0.3120696478037199,0.0852272727272727,0.2120250638569604,0.364434947768281,0.6020089285714286,0.1108033240997229,0.3188828472565496,0.6312251984126984,0.3461185072234278,0.1939058171745152
197,0.6719623225750311,0.1283030772973301,0.120048019207683,0.799222670151195,0.6457686223907216,0.445458794587946,0.780604296340723,0.6638948921646074,0.3171645724405464,0.5674834989757983
198,0.6012422360248447,0.029940119760479,0.6088050314465409,0.521069182389937,0.8024918225587122,0.0914634146341463,0.4821802935010481,0.7407407407407408,0.5110804386166705,0.2686746987951807
199,0.5357142857142857,0.0,0.3401360544217687,0.3773271276595744,0.6701150089579841,0.0689655172413793,0.5877425044091712,0.484698313336811,0.2657142857142857,0.0689655172413793
200,0.5971979871270678,0.0585284280936454,0.6154980468857547,0.6790824366446596,0.5752190534520057,0.5255108415670293,0.6399094910249866,0.6346938775510204,0.4976824046895789,0.5255108415670293
201,0.7389312977099237,0.074074074074074,0.4124273255813953,0.6373076923076924,0.8965869939707148,0.0364963503649635,0.6373076923076924,0.7562500000000001,0.594315245478036,0.6276515151515152
202,0.4957460732984292,0.0253807106598984,0.1030927835051546,0.474468085106383,0.994184275790054,0.4270618556701031,0.6404635619462244,0.9274530606995888,0.343388429752066,0.4889104402091415
203,0.7636335784313727,0.0510204081632653,0.600907029478458,0.8155293367346939,0.8155293367346939,0.0,0.8155293367346939,0.9084673899488716,0.4597938144329897,0.0
204,0.4075851303694282,0.0564971751412429,0.2988939606741573,0.4794500503359633,0.4297968026579249,0.2465989535241612,0.4794500503359633,0.5744180790960453,0.2816333752752438,0.3217358772914328
205,0.7602601480152501,0.0581395348837209,0.4133333333333333,0.647130647130647,0.5616605616605616,0.618131868131868,0.6155365371955235,0.8722527472527472,0.6400966183574879,0.6824665350010973
206,0.5612244897959183,0.0495049504950495,0.5612244897959183,0.3005952380952382,0.7211538461538461,0.0467289719626168,0.3005952380952382,0.9995,0.5504317111459968,0.0462962962962963
207,0.3263420951455917,0.0895522388059701,0.2092010957259184,0.1637019230769231,0.4468468468468469,0.2550780006367399,0.2626024254342838,0.4112388724035608,0.322543352601156,0.3500741473059812
208,0.69394663480685,0.0,0.4616524028966425,0.8399159663865547,0.999710648148148,0.0403225806451612,0.8399159663865547,0.8399159663865547,0.4224058769513315,0.69394663480685
209,0.8775114984265312,0.1,0.6592637054821929,0.8950617283950617,0.9084673899488716,0.0980392156862745,0.8072916666666667,0.8072916666666667,0.7500000000000001,0.0980392156862745
210,0.7145928899082569,0.1652270962732919,0.3544575725026853,0.7975381693330413,0.6277911811508651,0.0920245398773006,0.8599458301839253,0.7820543352812942,0.3531645569620253,0.1076923076923076
211,0.6757575757575758,0.1107011070110701,0.403216419647707,0.6510849056603775,0.7686264651352795,0.072992700729927,0.6510849056603775,0.85288136564129,0.5208319934140285,0.5266722339905491
212,0.5615406758783204,0.1154995857497929,0.4665864775413711,0.5024784885895996,0.5517041702562439,0.4920622912638697,0.4717204192949604,0.4872910418794652,0.3640551585550829,0.436112925179043
213,0.6230643348156106,0.1232114467408585,0.1279411835279325,0.654928172386273,0.7788414713763822,0.246487615375628,0.6369509427180479,0.8935714794765072,0.503513487054795,0.47616
214,0.6794871794871795,0.0,0.4437588989084005,0.8375715193897013,0.9299633936261844,0.4293893129770992,0.8375715193897013,0.8590521694214875,0.3511811023622047,0.6038032945736435
215,0.1666666666666666,0.0413223140495867,0.1680672268907563,0.6490885416666666,0.6600900423728814,0.2049180327868852,0.6490885416666666,0.3232758620689654,0.3626016260162601,0.1639344262295082
216,0.6291056588840523,0.0699300699300699,0.5156923450494748,0.6816901408450705,0.7315888270519652,0.3488888888888889,0.6062370917063907,0.7014784946236559,0.4928728070175438,0.4059921841076856
217,0.6879115794779399,0.104662226450999,0.5816743876681797,0.5407468388829386,0.6646433090156196,0.6344726415861303,0.6256702898550724,0.7486127032130939,0.556264083676602,0.4804174730419138
218,0.6614583333333333,0.0,0.6842672413793103,0.9976851851851852,0.9976851851851852,0.7934426229508196,0.9976851851851852,0.9976851851851852,0.6614583333333333,0.7934426229508196
219,0.5237772659531229,0.1127214170692431,0.4499594155844155,0.3579991707866575,0.5532079850986434,0.4206027414018013,0.3776116716059804,0.5629282218597064,0.461890243902439,0.4302696372208238
220,0.7024793388429751,0.0,0.5061224489795919,0.7460504863102266,0.7460504863102266,0.4180463576158941,0.7460504863102266,0.7460504863102266,0.350076103500761,0.4208333333333333
221,0.6194444444444446,0.0,0.3650793650793651,0.5644248188405797,0.8613109512390087,0.0352112676056338,0.6280976840587548,0.7148550724637681,0.4076086956521738,0.0352112676056338
222,0.8308289506636615,0.0,0.4403453689167974,0.8590521694214875,0.8590521694214875,0.0763358778625954,0.8590521694214875,0.8523928502786854,0.6518892630003741,0.6568655169164076
223,0.998542274052478,0.0,0.5357142857142857,0.5597014925373134,0.7323529411764707,0.0,0.5597014925373134,0.711764705882353,0.4641544117647058,0.3758169934640523
224,0.2272727272727273,0.108695652173913,0.3586647727272727,0.8979985955056179,0.8979985955056179,0.6392045454545455,0.8979985955056179,0.9993141289437586,0.4261363636363636,0.0543478260869565
225,0.7614942528735632,0.0,0.4977876106194689,0.6802674672489083,0.7440208527049067,0.6550218340611353,0.3723920426977195,0.683251096491228,0.6743777056277056,0.5872916852330453
226,0.7111519232731354,0.0,0.5090725806451614,0.7955645161290325,0.999710648148148,0.0384615384615384,0.8844308184484136,0.999710648148148,0.737190082644628,0.0384615384615384
227,0.8047687297878725,0.0978947368421052,0.67079307568438,0.775726265348907,0.8529391635781671,0.5083108135888436,0.8260083641419143,0.8529391635781671,0.619695652173913,0.8308985433604337
228,0.9139100932994064,0.0,0.8436109345200256,0.8258105530832804,0.9130060292850992,0.7267441860465118,0.8258105530832804,0.9997724169321802,0.8371711563939183,0.2355410447761194
229,0.5248437429060681,0.115923009623797,0.2740432234075373,0.4811205124837224,0.5920695864168439,0.4241326618277445,0.4349004873322613,0.6916390371489408,0.5159424071800185,0.3650864076405732
